insert into category(id, name)  values (99088298139452001,'dummy_category');
insert into category(id, name)  values (99088298139452002,'CPU');
insert into category(id, name)  values (99088298139452003,'Graphic Card');
insert into category(id, name)  values (99088298139452004,'RAM memory');
insert into category(id, name)  values (99088298139452005,'Monitor');
insert into category(id, name)  values (99088298139452006,'Case');
insert into category(id, name)  values (99088298139452007,'Motherboard');
insert into category(id, name)  values (99088298139452008,'Power Supply');
insert into category(id, name)  values (99088298139452009,'HDD-SDD');
insert into category(id, name)  values (99088298139452010,'Optical Drives');
insert into category(id, name)  values (99088298139452011,'Input and Output Devices');


insert into customer(id, vat_id, email, name, password, phone_number, surname, username) values (99088298139452012,28765246203,'Marti.Brunell@mail.com','Marti','Brunell','2103761416','Brunell','Marti');
insert into customer(id, vat_id, email, name, password, phone_number, surname, username) values (99088298139452013,39128838671,'Tilly.Pelagias@mail.com','Tilly','Pelagias','1306200590','Pelagias','Tilly');
insert into customer(id, vat_id, email, name, password, phone_number, surname, username) values (99088298139452014,26206678071,'Fanny.Simmonds@mail.com','Fanny','Simmonds','1749034222','Simmonds','Fanny');
insert into customer(id, vat_id, email, name, password, phone_number, surname, username) values (99088298139452015,16946233236,'Mary.Cavan@mail.com','Mary','Cavan','2056287007','Cavan','Mary');
insert into customer(id, vat_id, email, name, password, phone_number, surname, username) values (99088298139452016,19910856197,'Kimberley.Lilybelle@mail.com','Kimberley','Lilybelle','1644772896','Lilybelle','Kimberley');
insert into customer(id, vat_id, email, name, password, phone_number, surname, username) values (99088298139452017,24068395699,'Ebonee.Ackerley@mail.com','Ebonee','Ackerley','1459955813','Ackerley','Ebonee');
insert into customer(id, vat_id, email, name, password, phone_number, surname, username) values (99088298139452018,20780218656,'Donnie.Cristi@mail.com','Donnie','Cristi','1815289551','Cristi','Donnie');
insert into customer(id, vat_id, email, name, password, phone_number, surname, username) values (99088298139452019,17634720451,'Arlina.Ethban@mail.com','Arlina','Ethban','1387989156','Ethban','Arlina');
insert into customer(id, vat_id, email, name, password, phone_number, surname, username) values (99088298139452020,28938763185,'Tomasina.Charmine@mail.com','Tomasina','Charmine','2111813135','Charmine','Tomasina');
insert into customer(id, vat_id, email, name, password, phone_number, surname, username) values (99088298139452021,15086351396,'Genevra.Munn@mail.com','Genevra','Munn','1246746549','Munn','Genevra');


insert into employee(id, email, firstname, hiring_date, lastname, password, telephone_number, username) values (99088298139452022,'Rubie.Mitzi@mail.com','Rubie','1993-05-09','Mitzi','Mitzi','1796853502','Rubie');
insert into employee(id, email, firstname, hiring_date, lastname, password, telephone_number, username) values (99088298139452023,'Aryn.Darbie@mail.com','Aryn','2001-01-30','Darbie','Darbie','1743013650','Aryn');
insert into employee(id, email, firstname, hiring_date, lastname, password, telephone_number, username) values (99088298139452024,'Ricky.Garlinda@mail.com','Ricky','1996-07-16','Garlinda','Garlinda','2100490054','Ricky');
insert into employee(id, email, firstname, hiring_date, lastname, password, telephone_number, username) values (99088298139452025,'Kristan.Orelee@mail.com','Kristan','1993-01-17','Orelee','Orelee','1542185787','Kristan');
insert into employee(id, email, firstname, hiring_date, lastname, password, telephone_number, username) values (99088298139452026,'Jasmina.Tybald@mail.com','Jasmina','2011-05-01','Tybald','Tybald','1911160492','Jasmina');
insert into employee(id, email, firstname, hiring_date, lastname, password, telephone_number, username) values (99088298139452027,'Shannah.Arley@mail.com','Shannah','2019-10-10','Arley','Arley','1358872900','Shannah');
insert into employee(id, email, firstname, hiring_date, lastname, password, telephone_number, username) values (99088298139452028,'Harmonia.Janene@mail.com','Harmonia','2015-06-20','Janene','Janene','1673544265','Harmonia');
insert into employee(id, email, firstname, hiring_date, lastname, password, telephone_number, username) values (99088298139452029,'Kial.Byrne@mail.com','Kial','2009-01-04','Byrne','Byrne','1614827388','Kial');
insert into employee(id, email, firstname, hiring_date, lastname, password, telephone_number, username) values (99088298139452030,'Melisent.Kevon@mail.com','Melisent','2015-12-04','Kevon','Kevon','1937238905','Melisent');
insert into employee(id, email, firstname, hiring_date, lastname, password, telephone_number, username) values (99088298139452031,'Maryellen.Sandye@mail.com','Maryellen','2015-04-01','Sandye','Sandye','1946634719','Maryellen');


insert into error_message(id, description, email, title, username) values (99088298139452032,'Somedescription','Marti.Brunell@mail.com','Something','Marti');

insert into faq(id,title, description) values(99088298139452033,'GenericTitle','blablabla');

insert into job_request(id, date, description, email, position, title, username) values(99088298139452034,'2019-11-11','shish','job@email.com','Yyy','JobTitle','X');


insert into warehouse(id, city, opening_hours, province, region, street) values (99088298139452035,'Siem Reap',23,'OS','Bahamas','Johnson Street 35');
insert into warehouse(id, city, opening_hours, province, region, street) values (99088298139452036,'Charlotte',17,'KA','Angola','Hodgson Street 123B');
insert into warehouse(id, city, opening_hours, province, region, street) values (99088298139452037,'Mandurah',4,'MA','Belarus','Volkova Avenue 367U');
insert into warehouse(id, city, opening_hours, province, region, street) values (99088298139452038,'Freetown',16,'PA','Caledonia','Marion Rue 46');
insert into warehouse(id, city, opening_hours, province, region, street) values (99088298139452039,'Birkirkara',21,'HY','Faroe Islands','Koreon Street 98');
insert into warehouse(id, city, opening_hours, province, region, street) values (99088298139452040,'Sri Jayawardenapura-Kotte',18,'NE','Jordan','Via Maestro 56');

insert into production_house(id, name) values (99088298139452041,'Intel');
insert into production_house(id, name) values (99088298139452042,'AMD');
insert into production_house(id, name) values (99088298139452043,'Nvidia');
insert into production_house(id, name) values (99088298139452044,'Asus');
insert into production_house(id, name) values (99088298139452045,'Dell');
insert into production_house(id, name) values (99088298139452046,'Samsung');
insert into production_house(id, name) values (99088298139452047,'Sony');



insert into order_request(id, product_brand, product_model, product_quantity, production_house_id, warehouse_id) values (99088298139452048,'NVidia GEForce','GTX 1080 Ti',24,99088298139452043,99088298139452035);
insert into order_request(id, product_brand, product_model, product_quantity, production_house_id, warehouse_id) values (99088298139452049,'Intel','Core i7-4940MX',30,99088298139452041,99088298139452037);
insert into order_request(id, product_brand, product_model, product_quantity, production_house_id, warehouse_id) values (99088298139452050,'AMD','Ryzen 5 1600',15,99088298139452042,99088298139452040);
insert into order_request(id, product_brand, product_model, product_quantity, production_house_id, warehouse_id) values (99088298139452051,'NVidia GEForce','GTX 1080',12,99088298139452043,99088298139452035);
insert into order_request(id, product_brand, product_model, product_quantity, production_house_id, warehouse_id) values (99088298139452052,'Intel','Core i7 8700K',28,99088298139452041,99088298139452036);



insert into purchase_notice(id, collection_date, product_brand, product_model, quantity, customer_id, warehouse_id) values (99088298139452053,'2020-03-31','NVidia GEForce','GTX 1080 Ti',99,99088298139452012,99088298139452035);
insert into purchase_notice(id, collection_date, product_brand, product_model, quantity, customer_id, warehouse_id) values (99088298139452054,'2020-08-18','NVidia GEForce','GTX 1080 Ti',62,99088298139452013,99088298139452036);
insert into purchase_notice(id, collection_date, product_brand, product_model, quantity, customer_id, warehouse_id) values (99088298139452055,'2020-04-05','NVidia GEForce','GTX 1080 Ti',35,99088298139452014,99088298139452037);
insert into purchase_notice(id, collection_date, product_brand, product_model, quantity, customer_id, warehouse_id) values (99088298139452056,'2020-07-05','NVidia GEForce','GTX 1080 Ti',39,99088298139452015,99088298139452038);
insert into purchase_notice(id, collection_date, product_brand, product_model, quantity, customer_id, warehouse_id) values (99088298139452057,'2020-03-13','NVidia GEForce','GTX 1080 Ti',68,99088298139452016,99088298139452039);
insert into purchase_notice(id, collection_date, product_brand, product_model, quantity, customer_id, warehouse_id) values (99088298139452058,'2020-05-22','NVidia GEForce','GTX 1080 Ti',60,99088298139452017,99088298139452040);
insert into purchase_notice(id, collection_date, product_brand, product_model, quantity, customer_id, warehouse_id) values (99088298139452059,'2020-10-07','NVidia GEForce','GTX 1080 Ti',81,99088298139452018,99088298139452035);
insert into purchase_notice(id, collection_date, product_brand, product_model, quantity, customer_id, warehouse_id) values (99088298139452060,'2020-03-05','NVidia GEForce','GTX 1080 Ti',27,99088298139452019,99088298139452036);
insert into purchase_notice(id, collection_date, product_brand, product_model, quantity, customer_id, warehouse_id) values (99088298139452061,'2020-01-04','NVidia GEForce','GTX 1080 Ti',62,99088298139452020,99088298139452037);
insert into purchase_notice(id, collection_date, product_brand, product_model, quantity, customer_id, warehouse_id) values (99088298139452062,'2020-05-19','NVidia GEForce','GTX 1080 Ti',58,99088298139452021,99088298139452038);
insert into purchase_notice(id, collection_date, product_brand, product_model, quantity, customer_id, warehouse_id) values (99088298139452063,'2020-07-22','Intel','Core i7-4940MX',96,99088298139452012,99088298139452039);
insert into purchase_notice(id, collection_date, product_brand, product_model, quantity, customer_id, warehouse_id) values (99088298139452064,'2020-10-22','Intel','Core i7-4940MX',28,99088298139452013,99088298139452040);
insert into purchase_notice(id, collection_date, product_brand, product_model, quantity, customer_id, warehouse_id) values (99088298139452065,'2020-06-01','Intel','Core i7-4940MX',83,99088298139452014,99088298139452035);
insert into purchase_notice(id, collection_date, product_brand, product_model, quantity, customer_id, warehouse_id) values (99088298139452066,'2020-06-18','Intel','Core i7-4940MX',64,99088298139452015,99088298139452036);
insert into purchase_notice(id, collection_date, product_brand, product_model, quantity, customer_id, warehouse_id) values (99088298139452067,'2020-10-06','Intel','Core i7-4940MX',66,99088298139452016,99088298139452037);
insert into purchase_notice(id, collection_date, product_brand, product_model, quantity, customer_id, warehouse_id) values (99088298139452068,'2020-05-03','Intel','Core i7-4940MX',63,99088298139452017,99088298139452038);
insert into purchase_notice(id, collection_date, product_brand, product_model, quantity, customer_id, warehouse_id) values (99088298139452069,'2020-06-10','Intel','Core i7-4940MX',67,99088298139452018,99088298139452039);
insert into purchase_notice(id, collection_date, product_brand, product_model, quantity, customer_id, warehouse_id) values (99088298139452070,'2020-10-17','Intel','Core i7-4940MX',56,99088298139452019,99088298139452040);
insert into purchase_notice(id, collection_date, product_brand, product_model, quantity, customer_id, warehouse_id) values (99088298139452071,'2020-02-27','Intel','Core i7-4940MX',36,99088298139452020,99088298139452035);
insert into purchase_notice(id, collection_date, product_brand, product_model, quantity, customer_id, warehouse_id) values (99088298139452072,'2020-07-26','Intel','Core i7-4940MX',90,99088298139452021,99088298139452036);
insert into purchase_notice(id, collection_date, product_brand, product_model, quantity, customer_id, warehouse_id) values (99088298139452073,'2020-04-25','Sandisk','SATA III',90,99088298139452012,99088298139452037);
insert into purchase_notice(id, collection_date, product_brand, product_model, quantity, customer_id, warehouse_id) values (99088298139452074,'2020-03-24','Sandisk','SATA III',74,99088298139452013,99088298139452038);
insert into purchase_notice(id, collection_date, product_brand, product_model, quantity, customer_id, warehouse_id) values (99088298139452075,'2020-01-23','Sandisk','SATA III',24,99088298139452014,99088298139452039);
insert into purchase_notice(id, collection_date, product_brand, product_model, quantity, customer_id, warehouse_id) values (99088298139452076,'2020-10-12','Sandisk','SATA III',34,99088298139452015,99088298139452040);
insert into purchase_notice(id, collection_date, product_brand, product_model, quantity, customer_id, warehouse_id) values (99088298139452077,'2020-10-31','Sandisk','SATA III',78,99088298139452016,99088298139452035);



insert into purchase(id, date, total_price, customer_id, warehouse_id) values (99088298139452078,'2019-09-25',420.58,99088298139452012,99088298139452035);
insert into purchase(id, date, total_price, customer_id, warehouse_id) values (99088298139452079,'2013-06-11',20.24,99088298139452013,99088298139452036);
insert into purchase(id, date, total_price, customer_id, warehouse_id) values (99088298139452080,'2013-08-31',325.3,99088298139452014,99088298139452037);
insert into purchase(id, date, total_price, customer_id, warehouse_id) values (99088298139452081,'2008-11-19',939.99,99088298139452015,99088298139452038);
insert into purchase(id, date, total_price, customer_id, warehouse_id) values (99088298139452082,'2000-07-23',594.48,99088298139452016,99088298139452039);
insert into purchase(id, date, total_price, customer_id, warehouse_id) values (99088298139452083,'2000-07-25',882.29,99088298139452017,99088298139452040);
insert into purchase(id, date, total_price, customer_id, warehouse_id) values (99088298139452084,'2005-02-28',546.4,99088298139452018,99088298139452035);
insert into purchase(id, date, total_price, customer_id, warehouse_id) values (99088298139452085,'2002-06-27',930.92,99088298139452019,99088298139452036);
insert into purchase(id, date, total_price, customer_id, warehouse_id) values (99088298139452086,'2015-09-19',657.79,99088298139452020,99088298139452037);
insert into purchase(id, date, total_price, customer_id, warehouse_id) values (99088298139452087,'2014-06-01',734.22,99088298139452021,99088298139452038);
insert into purchase(id, date, total_price, customer_id, warehouse_id) values (99088298139452088,'2001-07-02',177.67,99088298139452012,99088298139452039);
insert into purchase(id, date, total_price, customer_id, warehouse_id) values (99088298139452089,'2016-02-09',842.98,99088298139452013,99088298139452040);
insert into purchase(id, date, total_price, customer_id, warehouse_id) values (99088298139452090,'2002-02-13',633.76,99088298139452014,99088298139452035);
insert into purchase(id, date, total_price, customer_id, warehouse_id) values (99088298139452091,'2019-05-03',534.31,99088298139452015,99088298139452036);
insert into purchase(id, date, total_price, customer_id, warehouse_id) values (99088298139452092,'2007-07-26',103.49,99088298139452016,99088298139452037);
insert into purchase(id, date, total_price, customer_id, warehouse_id) values (99088298139452093,'2007-06-13',113.56,99088298139452017,99088298139452038);
insert into purchase(id, date, total_price, customer_id, warehouse_id) values (99088298139452094,'2009-05-06',130.78,99088298139452018,99088298139452039);
insert into purchase(id, date, total_price, customer_id, warehouse_id) values (99088298139452095,'2008-03-09',101.23,99088298139452019,99088298139452040);
insert into purchase(id, date, total_price, customer_id, warehouse_id) values (99088298139452096,'2004-08-09',129.78,99088298139452020,99088298139452035);
insert into purchase(id, date, total_price, customer_id, warehouse_id) values (99088298139452097,'2010-06-04',111.23,99088298139452021,99088298139452036);



insert into product(id, brand, description, image_url, model, price, category_id, order_id, purchase_id, warehouse_id) values (99088298139452098,'NVidia GEForce','Nvidia graphic card','https://images-na.ssl-images-amazon.com/images/I/71sN1G2-16L._AC_SX466_.jpg','GTX 1080 Ti',181.46,99088298139452003,99088298139452048,99088298139452078,99088298139452035);
insert into product(id, brand, description, image_url, model, price, category_id, order_id, purchase_id, warehouse_id) values (99088298139452099,'NVidia GEForce','Nvidia graphic card','https://images-na.ssl-images-amazon.com/images/I/71sN1G2-16L._AC_SX466_.jpg','GTX 1080 Ti',181.46,99088298139452003,null,99088298139452081,99088298139452035);
insert into product(id, brand, description, image_url, model, price, category_id, order_id, purchase_id, warehouse_id) values (99088298139452100,'NVidia GEForce','Nvidia graphic card','https://images-na.ssl-images-amazon.com/images/I/71sN1G2-16L._AC_SX466_.jpg','GTX 1080 Ti',181.46,99088298139452003,99088298139452048,null,99088298139452035);
insert into product(id, brand, description, image_url, model, price, category_id, order_id, purchase_id, warehouse_id) values (99088298139452101,'NVidia GEForce','Nvidia graphic card','https://images-na.ssl-images-amazon.com/images/I/71sN1G2-16L._AC_SX466_.jpg','GTX 1080 Ti',181.46,99088298139452003,null,99088298139452081,99088298139452035);
insert into product(id, brand, description, image_url, model, price, category_id, order_id, purchase_id, warehouse_id) values (99088298139452102,'NVidia GEForce','Nvidia graphic card','https://images-na.ssl-images-amazon.com/images/I/71sN1G2-16L._AC_SX466_.jpg','GTX 1080 Ti',181.46,99088298139452003,99088298139452048,99088298139452078,99088298139452035);
insert into product(id, brand, description, image_url, model, price, category_id, order_id, purchase_id, warehouse_id) values (99088298139452103,'NVidia GEForce','Nvidia graphic card','https://images-na.ssl-images-amazon.com/images/I/71sN1G2-16L._AC_SX466_.jpg','GTX 1080 Ti',181.46,99088298139452003,null,99088298139452081,99088298139452035);
insert into product(id, brand, description, image_url, model, price, category_id, order_id, purchase_id, warehouse_id) values (99088298139452104,'NVidia GEForce','Nvidia graphic card','https://images-na.ssl-images-amazon.com/images/I/71sN1G2-16L._AC_SX466_.jpg','GTX 1080 Ti',181.46,99088298139452003,99088298139452048,99088298139452078,99088298139452035);
insert into product(id, brand, description, image_url, model, price, category_id, order_id, purchase_id, warehouse_id) values (99088298139452105,'NVidia GEForce','Nvidia graphic card','https://images-na.ssl-images-amazon.com/images/I/71sN1G2-16L._AC_SX466_.jpg','GTX 1080 Ti',181.46,99088298139452003,null,99088298139452081,99088298139452035);
insert into product(id, brand, description, image_url, model, price, category_id, order_id, purchase_id, warehouse_id) values (99088298139452106,'NVidia GEForce','Nvidia graphic card','https://images-na.ssl-images-amazon.com/images/I/71sN1G2-16L._AC_SX466_.jpg','GTX 1080 Ti',181.46,99088298139452003,99088298139452048,99088298139452078,99088298139452035);
insert into product(id, brand, description, image_url, model, price, category_id, order_id, purchase_id, warehouse_id) values (99088298139452107,'NVidia GEForce','Nvidia graphic card','https://images-na.ssl-images-amazon.com/images/I/71sN1G2-16L._AC_SX466_.jpg','GTX 1080 Ti',181.46,99088298139452003,null,99088298139452081,99088298139452035);
insert into product(id, brand, description, image_url, model, price, category_id, order_id, purchase_id, warehouse_id) values (99088298139452108,'Intel','Intel Core i7-4940MX Processor','https://www.tomshw.it/files/2014/01/immagini_contenuti/52614/core-i7_t.jpg','Core i7-4940MX',790.24,99088298139452002,99088298139452049,99088298139452093,99088298139452037);
insert into product(id, brand, description, image_url, model, price, category_id, order_id, purchase_id, warehouse_id) values (99088298139452109,'Intel','Intel Core i7-4940MX Processor','https://www.tomshw.it/files/2014/01/immagini_contenuti/52614/core-i7_t.jpg','Core i7-4940MX',790.24,99088298139452002,99088298139452049,null,99088298139452037);
insert into product(id, brand, description, image_url, model, price, category_id, order_id, purchase_id, warehouse_id) values (99088298139452110,'Intel','Intel Core i7-4940MX Processor','https://www.tomshw.it/files/2014/01/immagini_contenuti/52614/core-i7_t.jpg','Core i7-4940MX',790.24,99088298139452002,99088298139452049,99088298139452093,99088298139452037);
insert into product(id, brand, description, image_url, model, price, category_id, order_id, purchase_id, warehouse_id) values (99088298139452111,'Intel','Intel Core i7-4940MX Processor','https://www.tomshw.it/files/2014/01/immagini_contenuti/52614/core-i7_t.jpg','Core i7-4940MX',790.24,99088298139452002,99088298139452049,null,99088298139452037);
insert into product(id, brand, description, image_url, model, price, category_id, order_id, purchase_id, warehouse_id) values (99088298139452112,'Intel','Intel Core i7-4940MX Processor','https://www.tomshw.it/files/2014/01/immagini_contenuti/52614/core-i7_t.jpg','Core i7-4940MX',790.24,99088298139452002,null,99088298139452088,99088298139452037);
insert into product(id, brand, description, image_url, model, price, category_id, order_id, purchase_id, warehouse_id) values (99088298139452113,'Intel','Intel Core i7-4940MX Processor','https://www.tomshw.it/files/2014/01/immagini_contenuti/52614/core-i7_t.jpg','Core i7-4940MX',790.24,99088298139452002,99088298139452049,99088298139452093,99088298139452037);
insert into product(id, brand, description, image_url, model, price, category_id, order_id, purchase_id, warehouse_id) values (99088298139452114,'Intel','Intel Core i7-4940MX Processor','https://www.tomshw.it/files/2014/01/immagini_contenuti/52614/core-i7_t.jpg','Core i7-4940MX',790.24,99088298139452002,null,99088298139452088,99088298139452037);
insert into product(id, brand, description, image_url, model, price, category_id, order_id, purchase_id, warehouse_id) values (99088298139452115,'Intel','Intel Core i7-4940MX Processor','https://www.tomshw.it/files/2014/01/immagini_contenuti/52614/core-i7_t.jpg','Core i7-4940MX',790.24,99088298139452002,99088298139452049,99088298139452093,99088298139452037);
insert into product(id, brand, description, image_url, model, price, category_id, order_id, purchase_id, warehouse_id) values (99088298139452116,'Intel','Intel Core i7-4940MX Processor','https://www.tomshw.it/files/2014/01/immagini_contenuti/52614/core-i7_t.jpg','Core i7-4940MX',790.24,99088298139452002,null,99088298139452088,99088298139452037);
insert into product(id, brand, description, image_url, model, price, category_id, order_id, purchase_id, warehouse_id) values (99088298139452117,'Sandisk','240 GB SSD','https://images.eprice.it/nobrand/0/Lightbox/424/201864424/2420EU125216PRDID.2.jpg','SATA III',306.57,99088298139452009,null,99088298139452094,99088298139452038);
insert into product(id, brand, description, image_url, model, price, category_id, order_id, purchase_id, warehouse_id) values (99088298139452118,'Sandisk','240 GB SSD','https://images.eprice.it/nobrand/0/Lightbox/424/201864424/2420EU125216PRDID.2.jpg','SATA III',306.57,99088298139452009,null,null,99088298139452038);
insert into product(id, brand, description, image_url, model, price, category_id, order_id, purchase_id, warehouse_id) values (99088298139452119,'Sandisk','240 GB SSD','https://images.eprice.it/nobrand/0/Lightbox/424/201864424/2420EU125216PRDID.2.jpg','SATA III',306.57,99088298139452009,null,99088298139452094,99088298139452038);
insert into product(id, brand, description, image_url, model, price, category_id, order_id, purchase_id, warehouse_id) values (99088298139452120,'Sandisk','240 GB SSD','https://images.eprice.it/nobrand/0/Lightbox/424/201864424/2420EU125216PRDID.2.jpg','SATA III',306.57,99088298139452009,null,null,99088298139452038);
insert into product(id, brand, description, image_url, model, price, category_id, order_id, purchase_id, warehouse_id) values (99088298139452121,'Sandisk','240 GB SSD','https://images.eprice.it/nobrand/0/Lightbox/424/201864424/2420EU125216PRDID.2.jpg','SATA III',306.57,99088298139452009,null,99088298139452094,99088298139452038);
insert into product(id, brand, description, image_url, model, price, category_id, order_id, purchase_id, warehouse_id) values (99088298139452122,'Sandisk','240 GB SSD','https://images.eprice.it/nobrand/0/Lightbox/424/201864424/2420EU125216PRDID.2.jpg','SATA III',306.57,99088298139452009,null,99088298139452094,99088298139452038);
insert into product(id, brand, description, image_url, model, price, category_id, order_id, purchase_id, warehouse_id) values (99088298139452123,'Sandisk','240 GB SSD','https://images.eprice.it/nobrand/0/Lightbox/424/201864424/2420EU125216PRDID.2.jpg','SATA III',306.57,99088298139452009,null,99088298139452095,99088298139452038);
insert into product(id, brand, description, image_url, model, price, category_id, order_id, purchase_id, warehouse_id) values (99088298139452124,'Sandisk','240 GB SSD','https://images.eprice.it/nobrand/0/Lightbox/424/201864424/2420EU125216PRDID.2.jpg','SATA III',306.57,99088298139452009,null,null,99088298139452038);
insert into product(id, brand, description, image_url, model, price, category_id, order_id, purchase_id, warehouse_id) values (99088298139452125,'Sandisk','240 GB SSD','https://images.eprice.it/nobrand/0/Lightbox/424/201864424/2420EU125216PRDID.2.jpg','SATA III',306.57,99088298139452009,null,99088298139452096,99088298139452038);
insert into product(id, brand, description, image_url, model, price, category_id, order_id, purchase_id, warehouse_id) values (99088298139452126,'Sandisk','240 GB SSD','https://images.eprice.it/nobrand/0/Lightbox/424/201864424/2420EU125216PRDID.2.jpg','SATA III',306.57,99088298139452009,null,99088298139452097,99088298139452038);


insert into review(id, brand, model, rate, text, title, customer_id) values (99088298139452127,'NVidia GEForce','GTX 1080 Ti',5,'Excellent good','Excellent',99088298139452012);